{
    "type": "biomancy:bio_forging",
    "bio_forge_tab": "biomancy:misc",
    "ingredients": [
        {
            "item": "biomancy:flesh_bits",
            "count": 14
        },
        {
            "item": "biomancy:withering_ooze",
            "count": 6
        },
        {
            "item": "biomancy:gem_fragments",
            "count": 5
        },
        {
            "item": "biomancy:nutrients",
            "count": 28
        },
        {
            "item": "biomancy:bone_fragments",
            "count": 5
        },
        {
            "item": "biomancy:creator_mix"
        }
    ],
    "nutrientsCost": 80,
    "result": {
        "item": "solidarytinker:bloodmeat_ingot"
    }
}