{
  "parent": "minecraft:block/cube_all",
  "children": {
    "base": {
      "parent": "minecraft:block/cube_all",
      "render_type": "minecraft:solid",
      "textures": {
        "all": "kubejs:block/ultra_dense_block"
      }
    },
    "overlay": {
      "parent": "minecraft:block/block",
      "elements": [
        {
          "faces": {
            "down": {
              "texture": "#overlay"
            },
            "east": {
              "texture": "#overlay"
            },
            "north": {
              "texture": "#overlay"
            },
            "south": {
              "texture": "#overlay"
            },
            "up": {
              "texture": "#overlay"
            },
            "west": {
              "texture": "#overlay"
            }
          },
          "from": [
            0,
            0,
            0
          ],
          "to": [
            16,
            16,
            16
          ]
        }
      ],
      "render_type": "minecraft:translucent",
      "textures": {
        "overlay": "mm:block/base_ports/item_input_cutout"
      }
    }
  },
  "display": {
    "thirdperson_lefthand": {
      "rotation": [
        75,
        45,
        0
      ],
      "scale": [
        0.375,
        0.375,
        0.375
      ],
      "translation": [
        0,
        2.5,
        0
      ]
    },
    "thirdperson_righthand": {
      "rotation": [
        75,
        45,
        0
      ],
      "scale": [
        0.375,
        0.375,
        0.375
      ],
      "translation": [
        0,
        2.5,
        0
      ]
    }
  },
  "item_render_order": [
    "base",
    "overlay"
  ],
  "loader": "forge:composite",
  "textures": {
    "all": "mm:block/ultra_dense_item_port_input",
    "particle": "mm:block/base_ports/item_input_cutout"
  }
}