{
  "id": "mm:overload_infuser",
  "name": "Overload Infuser",
  "controllerIds": [
    "mm:overload_infuser"
  ],
  "layout": [
    [
      "            ",
      "            ",
      "            ",
      "   GGGGGGG  ",
      "            ",
      "            ",
      "            "
    ],
    [
      "  AAA       ",
      " ABBBA      ",
      "ABDDDBA     ",
      "ABDHDBA  G  ",
      "ABDDDBA     ",
      " ABBBA      ",
      "  AAA       "
    ],
    [
      "            ",
      "  EEE       ",
      " E D E      ",
      " EDFDE   G  ",
      " E D E      ",
      "  EEE       ",
      "            "
    ],
    [
      "            ",
      "  EEE       ",
      " E   E      ",
      " E   E   G  ",
      " E   E      ",
      "  EEE       ",
      "            "
    ],
    [
      "            ",
      "  EEE       ",
      " E   E   A  ",
      " E   E  AHA ",
      " E   E   A  ",
      "  EEE       ",
      "            "
    ],
    [
      "            ",
      "  EEE       ",
      " E   E   A  ",
      " E   E  AHA ",
      " E   E   A  ",
      "  EEE       ",
      "            "
    ],
    [
      "            ",
      "  EEE       ",
      " E   E   A  ",
      " E   E  AHA ",
      " E   E   A  ",
      "  EEE       ",
      "            "
    ],
    [
      "            ",
      "  EEE       ",
      " EDDDE  AYA ",
      " EDFDBAAAHX ",
      " EDDDE  AZA ",
      "  EEE       ",
      "            "
    ],
    [
      "  AAA       ",
      " ABBBA  AAA ",
      "ABDDDBAAAAAA",
      "ABDDDHHHHHAA",
      "ABDDDBAAAAAA",
      " ABBBA  AAA ",
      "  ACA       "
    ]
  ],
  "key": {
    "A": {
      "block": "pneumaticcraft:smooth_plastic_brick_black"
    },
    "B": {
      "block": "minecraft:quartz_block"
    },
    "D": {
      "block": "jaopca:storage_blocks.tungsten"
    },
    "E": {
      "block": "tconstruct:seared_glass"
    },
    "F": {
      "block": "kubejs:ultra_dense_block"
    },
    "W": {
      "block": "mm:overload_infuser"
    },
    "G": {
      "block": "pneumaticcraft:heat_pipe"
    },
    "X": {
      "block": "mm:ultra_dense_item_port_output"
    },
    "H": {
      "block": "pneumaticcraft:compressed_iron_block"
    },
    "Y": {
      "block": "mm:ultra_dense_energy_port_input"
    },
    "Z": {
      "block": "mm:ultra_dense_item_port_input"
    }
  }
}