{
  "default": [
    {
      "level": 1,
      "name": "tinkers_reforged:weight_ratio"
    }
  ],
  "perStat": {
    "tconstruct:maille": [
      {
        "level": 1,
        "name": "tinkers_reforged:preventive_weight"
      }
    ],
    "tconstruct:plating_boots": [
      {
        "level": 1,
        "name": "tinkers_reforged:preventive_weight"
      }
    ],
    "tconstruct:plating_chestplate": [
      {
        "level": 1,
        "name": "tinkers_reforged:preventive_weight"
      }
    ],
    "tconstruct:plating_helmet": [
      {
        "level": 1,
        "name": "tinkers_reforged:preventive_weight"
      }
    ],
    "tconstruct:plating_leggings": [
      {
        "level": 1,
        "name": "tinkers_reforged:preventive_weight"
      }
    ]
  }
}