{
  "id": "mm:integrated_fuel_engine",
  "name": "一体化集成燃油发动机",
  "controllerIds": [
    "mm:integrated_fuel_engine"
  ],
  "layout": [
    [
      "BBBBBBBBBBBB",
      "B     B    B",
      "B     B    B",
      "B     B    B",
      "B     B    B",
      "B     B    B",
      "BBBBBBBBBBBB"
    ],
    [
      "B     B    B",
      "       BAAB ",
      "  AAAA AAAA ",
      "  AAAA AAAA ",
      "  AAAA AAAA ",
      "       BAAB ",
      "B     B    B"
    ],
    [
      "B     B    B",
      "B AAAA BEEB ",
      "AAAAAAAADDF ",
      "AA    AADDF ",
      "AAAAAAAADDF ",
      "B AAAA BEEB ",
      "B     B    B"
    ],
    [
      "B     B    B",
      "BBAAAABBEEB ",
      "AA    AADDF ",
      "HGGGGGGADDF ",
      "AA    AADDF ",
      "BBAAAABBEEB ",
      "B     B    B"
    ],
    [
      "B     B    B",
      "BBAAAABBEEB ",
      "AAAAAAAADDF ",
      "AA    AADDF ",
      "AAAAAAAADDF ",
      "BBAAAABBEEB ",
      "B     B    B"
    ],
    [
      "BBBBBBB    B",
      "BBBBBBBBFFB ",
      "BBAAAABAAAA ",
      "BBAAAABAAAA ",
      "BBAAAABAAAA ",
      "BBBBBBBBCFB ",
      "BBBBBBB    B"
    ],
    [
      "AAAAAAAAAAAA",
      "AAAAAAAAAAAA",
      "AAAAAAAAAAAA",
      "AAAAAAAAAAAA",
      "AAAAAAAAAAAA",
      "AAAAAAAAAAAA",
      "AAAAAAAAAAAA"
    ]
  ],
  "key": {
    "A": {
      "block": "immersiveengineering:sheetmetal_steel"
    },
    "B": {
      "block": "immersiveengineering:steel_scaffolding_standard"
    },
    "D": {
      "block": "minecraft:magma_block"
    },
    "E": {
      "block": "minecraft:orange_stained_glass_pane"
    },
    "F": {
      "tag": "mm:integrated_fuel_engine_matter"
    },
    "G": {
      "block": "minecraft:end_rod"
    },
    "H": {
      "tag": "mm:integrated_fuel_engine_energy"
    }
  }
}