{
  "type": "tconstruct:alloy",
  "conditions": [
    {
      "type": "forge:not",
      "value": {
        "type": "forge:tag_empty",
        "tag": "forge:ingots/lumium"
      }
    },
    {
      "type": "forge:not",
      "value": {
        "type": "forge:tag_empty",
        "tag": "forge:ingots/tin"
      }
    },
    {
      "type": "forge:not",
      "value": {
        "type": "forge:tag_empty",
        "tag": "forge:ingots/silver"
      }
    },
    {
      "type": "forge:not",
      "value": {
        "type": "mantle:tag_empty",
        "registry": "minecraft:fluid",
        "tag": "forge:glowstone"
      }
    }
  ],
  "inputs": [
    {
      "amount": 270,
      "tag": "forge:molten_tin"
    },
    {
      "amount": 90,
      "tag": "forge:molten_silver"
    },
    {
      "amount": 500,
      "tag": "forge:glowstone"
    }
  ],
  "result": {
    "amount": 360,
    "fluid": "tconstruct:molten_lumium"
  },
  "temperature": 2870
}