{
  "type": "tconstruct:alloy",
  "conditions": [
    {
      "type": "forge:not",
      "value": {
        "type": "forge:tag_empty",
        "tag": "forge:ingots/enderium"
      }
    },
    {
      "type": "forge:not",
      "value": {
        "type": "forge:tag_empty",
        "tag": "forge:ingots/lead"
      }
    }
  ],
  "inputs": [
    {
      "amount": 270,
      "tag": "forge:molten_lead"
    },
    {
      "amount": 100,
      "tag": "tconstruct:molten_diamond"
    },
    {
      "amount": 500,
      "tag": "forge:ender"
    }
  ],
  "result": {
    "amount": 180,
    "fluid": "tconstruct:molten_enderium"
  },
  "temperature": 3150
}