{
  "id": "mm:overchargedultradense",
  "ticks": 5,
  "structureId": "mm:overload_infuser",
  "inputs": [
    {
      "type": "mm:input/consume",
      "ingredient": {
        "type": "mm:item",
        "item": "etshtinker:ultra_dense",
        "count": 1
      }
    },
    {
      "type": "mm:input/consume",
      "ingredient": {
        "type": "mm:energy",
        "amount": 5000000
      }
    }
  ],
  "outputs": [
    {
      "type": "mm:output/simple",
      "ingredient": {
        "type": "mm:item",
        "item": "kubejs:overchargedultradense",
        "count": 1
      }
    }
  ]
}