{
  "type": "tconstruct:ore_melting",
  "conditions": [
    {
      "type": "tconstruct:tag_intersection_present",
      "registry": "minecraft:item",
      "tags": [
        "forge:ores/zirconium",
        "forge:ore_rates/dense"
      ]
    }
  ],
  "ingredient": {
    "type": "forge:intersection",
    "children": [
      {
        "tag": "forge:ores/titanium"
      },
      {
        "tag": "forge:ore_rates/dense"
      }
    ]
  },
  "rate": "metal",
  "result": {
    "amount": 540,
    "fluid": "kubejs:zirconium_fluid"
  },
  "temperature": 1300,
  "time": 337
}