{
  "type": "tconstruct:alloy",
  "conditions": [
    {
      "type": "forge:not",
      "value": {
        "type": "forge:tag_empty",
        "tag": "forge:ingots/signalum"
      }
    },
    {
      "type": "forge:not",
      "value": {
        "type": "forge:tag_empty",
        "tag": "forge:ingots/copper"
      }
    },
    {
      "type": "forge:not",
      "value": {
        "type": "forge:tag_empty",
        "tag": "forge:ingots/silver"
      }
    },
    {
      "type": "forge:not",
      "value": {
        "type": "mantle:tag_empty",
        "registry": "minecraft:fluid",
        "tag": "forge:redstone"
      }
    }
  ],
  "inputs": [
    {
      "amount": 270,
      "tag": "forge:molten_copper"
    },
    {
      "amount": 90,
      "tag": "forge:molten_silver"
    },
    {
      "amount": 400,
      "tag": "forge:redstone"
    }
  ],
  "result": {
    "amount": 360,
    "fluid": "tconstruct:molten_signalum"
  },
  "temperature": 2925
}